ID,Name,Email
10,Clementina DuBuque,Rey.Padberg@karina.biz
10,Clementina DuBuque,Rey.Padberg@karina.biz

1,Leanne Graham,Sincere@april.biz
1,Leanne Graham,Sincere@april.biz

2,Ervin Howell,Shanna@melissa.tv
2,Ervin Howell,Shanna@melissa.tv

9,Glenna Reichert,Chaim_McDermott@dana.io
9,Glenna Reichert,Chaim_McDermott@dana.io

3,Clementine Bauch,Nathan@yesenia.net
3,Clementine Bauch,Nathan@yesenia.net

8,Nicholas Runolfsdottir V,Sherwood@rosamond.me
8,Nicholas Runolfsdottir V,Sherwood@rosamond.me

5,Chelsey Dietrich,Lucio_Hettinger@annie.ca
5,Chelsey Dietrich,Lucio_Hettinger@annie.ca

4,Patricia Lebsack,Julianne.OConner@kory.org
4,Patricia Lebsack,Julianne.OConner@kory.org

7,Kurtis Weissnat,Telly.Hoeger@billy.biz
7,Kurtis Weissnat,Telly.Hoeger@billy.biz

6,Mrs. Dennis Schulist,Karley_Dach@jasper.info
6,Mrs. Dennis Schulist,Karley_Dach@jasper.info

